{"assets/.DS_Store":["assets/.DS_Store"],"packages/cupertino_icons/assets/CupertinoIcons.ttf":["packages/cupertino_icons/assets/CupertinoIcons.ttf"],"assets/fonts/Proxima-Nova-Light.ttf":["assets/fonts/Proxima-Nova-Light.ttf"],"assets/fonts/Proxima-Nova-Medium.ttf":["assets/fonts/Proxima-Nova-Medium.ttf"],"assets/fonts/Proxima-Nova-Regular.ttf":["assets/fonts/Proxima-Nova-Regular.ttf"],"assets/fonts/Proxima-Nova-Semibold.ttf":["assets/fonts/Proxima-Nova-Semibold.ttf"],"assets/fonts/Proxima-Nova-Thin.ttf":["assets/fonts/Proxima-Nova-Thin.ttf"],"assets/img/backspace.png":["assets/img/backspace.png"],"assets/img/bgMap.png":["assets/img/bgMap.png"],"assets/img/icon-add-gray.png":["assets/img/icon-add-gray.png"],"assets/img/icon-calendar-active.png":["assets/img/icon-calendar-active.png"],"assets/img/icon-calendar.png":["assets/img/icon-calendar.png"],"assets/img/icon-chart-gray.png":["assets/img/icon-chart-gray.png"],"assets/img/icon-check.jpg":["assets/img/icon-check.jpg"],"assets/img/icon-direction.png":["assets/img/icon-direction.png"],"assets/img/icon-email.png":["assets/img/icon-email.png"],"assets/img/icon-heart-active.png":["assets/img/icon-heart-active.png"],"assets/img/icon-heart.png":["assets/img/icon-heart.png"],"assets/img/icon-home-active.png":["assets/img/icon-home-active.png"],"assets/img/icon-home.png":["assets/img/icon-home.png"],"assets/img/icon-info.png":["assets/img/icon-info.png"],"assets/img/icon-list-active.png":["assets/img/icon-list-active.png"],"assets/img/icon-list.png":["assets/img/icon-list.png"],"assets/img/icon-map-active.png":["assets/img/icon-map-active.png"],"assets/img/icon-map.png":["assets/img/icon-map.png"],"assets/img/icon-menu.png":["assets/img/icon-menu.png"],"assets/img/icon-notification-active.png":["assets/img/icon-notification-active.png"],"assets/img/icon-notification.png":["assets/img/icon-notification.png"],"assets/img/icon-phone.png":["assets/img/icon-phone.png"],"assets/img/icon-questions.png":["assets/img/icon-questions.png"],"assets/img/icon-search-gray.png":["assets/img/icon-search-gray.png"],"assets/img/icon-share.png":["assets/img/icon-share.png"],"assets/img/icon-star-active.png":["assets/img/icon-star-active.png"],"assets/img/icon-star.png":["assets/img/icon-star.png"],"assets/img/icon-timer-gray.png":["assets/img/icon-timer-gray.png"],"assets/img/icon-user-active.png":["assets/img/icon-user-active.png"],"assets/img/icon-user-gray.png":["assets/img/icon-user-gray.png"],"assets/img/icon-user.png":["assets/img/icon-user.png"],"assets/img/icon-web.png":["assets/img/icon-web.png"],"assets/img/loader.gif":["assets/img/loader.gif"],"assets/img/logo.png":["assets/img/logo.png"],"assets/img/vslogo-dark.png":["assets/img/vslogo-dark.png"],"assets/img/vslogo.png":["assets/img/vslogo.png"]}