[{"family":"MaterialIcons","fonts":[{"asset":"fonts/MaterialIcons-Regular.ttf"}]},{"family":"Proxima Nova","fonts":[{"weight":400,"asset":"assets/fonts/Proxima-Nova-Regular.ttf"},{"weight":300,"asset":"assets/fonts/Proxima-Nova-Light.ttf"},{"weight":500,"asset":"assets/fonts/Proxima-Nova-Medium.ttf"},{"weight":600,"asset":"assets/fonts/Proxima-Nova-Semibold.ttf"},{"weight":100,"asset":"assets/fonts/Proxima-Nova-Thin.ttf"}]},{"family":"packages/cupertino_icons/CupertinoIcons","fonts":[{"asset":"packages/cupertino_icons/assets/CupertinoIcons.ttf"}]},{"family":"MaterialIcons","fonts":[{"asset":"fonts/MaterialIcons-Regular.ttf"}]}]